[
    { "username": "user1", "email": "user1@example.com" },
    { "username": "user2", "email": "user2@example.com" },
    { "username": "user3", "email": "user3@example.com" },
    { "username": "user4", "email": "user4@example.com" },
    { "username": "user5", "email": "user5@example.com" },
    { "username": "user6", "email": "user6@example.com" },
    { "username": "user7", "email": "user7@example.com" },
    { "username": "user8", "email": "user8@example.com" },
    { "username": "user9", "email": "user9@example.com" },
    { "username": "user10", "email": "user10@example.com" },
    { "username": "user11", "email": "user11@example.com" },
    { "username": "user12", "email": "user12@example.com" },
    { "username": "user13", "email": "user13@example.com" },
    { "username": "user14", "email": "user14@example.com" },
    { "username": "user15", "email": "user15@example.com" },
    { "username": "user16", "email": "user16@example.com" },
    { "username": "user17", "email": "user17@example.com" },
    { "username": "user18", "email": "user18@example.com" },
    { "username": "user19", "email": "user19@example.com" },
    { "username": "user20", "email": "user20@example.com" }
  ]